{"epsilon": 0.04953625663766238, "q-value": -8481.4111328125}