{"epsilon": 0.337754400898902, "q-value": -6757.728515625}