{"epsilon": 0.04953625663766238, "q-value": -7495.70849609375}