{"epsilon": 0.04953625663766238, "q-value": -8304.8662109375}