{"epsilon": 0.04953625663766238, "q-value": -8277.5029296875}