{"epsilon": 0.04953625663766238, "q-value": -8943.4384765625}