{"epsilon": 0.04953625663766238, "q-value": -8886.1591796875}