{"epsilon": 0.04953625663766238, "q-value": -5859.60498046875}