{"epsilon": 0.04953625663766238, "q-value": -8008.33447265625}