{"epsilon": 0.04953625663766238, "q-value": -3447.02490234375}