{"epsilon": 0.04953625663766238, "q-value": -9820.6611328125}