{"epsilon": 0.04953625663766238, "q-value": -8097.3681640625}