{"epsilon": 0.04953625663766238, "q-value": -6477.7099609375}