{"epsilon": 0.04953625663766238, "q-value": -7733.08642578125}