{"epsilon": 0.04953625663766238, "q-value": -10027.7763671875}