{"epsilon": 0.04953625663766238, "q-value": -9958.1591796875}