{"epsilon": 0.04953625663766238, "q-value": -4493.61767578125}