{"epsilon": 0.04953625663766238, "q-value": -11784.3291015625}