{"epsilon": 0.04953625663766238, "q-value": -6249.1513671875}