{"epsilon": 0.04953625663766238, "q-value": -6067.47021484375}