{"epsilon": 0.04953625663766238, "q-value": -9162.916015625}