{"epsilon": 0.04953625663766238, "q-value": -6221.4423828125}