{"epsilon": 0.04953625663766238, "q-value": -10048.5703125}