{"epsilon": 0.04953625663766238, "q-value": -7247.57763671875}