{"epsilon": 0.04953625663766238, "q-value": -10567.8154296875}