{"epsilon": 0.04953625663766238, "q-value": -8065.701171875}