{"epsilon": 0.04953625663766238, "q-value": -4890.32763671875}