{"epsilon": 0.41294967113388825, "q-value": -7454.8017578125}