{"epsilon": 0.04953625663766238, "q-value": -8308.82421875}