{"epsilon": 0.04953625663766238, "q-value": -3867.21435546875}