{"epsilon": 0.04953625663766238, "q-value": -2606.28076171875}