{"epsilon": 0.04953625663766238, "q-value": -9035.6572265625}