{"epsilon": 0.04953625663766238, "q-value": -6950.8955078125}