{"epsilon": 0.04953625663766238, "q-value": -4261.09423828125}