{"epsilon": 0.04953625663766238, "q-value": -8408.5966796875}