{"epsilon": 0.04953625663766238, "q-value": -10066.919921875}