{"epsilon": 0.123629034136362, "q-value": -7597.43505859375}