{"epsilon": 0.10111704470857538, "q-value": -6590.85595703125}