{"epsilon": 0.04953625663766238, "q-value": -10240.455078125}