{"epsilon": 0.04953625663766238, "q-value": -2192.496337890625}