{"epsilon": 0.04953625663766238, "q-value": -8380.4580078125}