{"epsilon": 0.08270433237647315, "q-value": -4591.677734375}