{"epsilon": 0.04953625663766238, "q-value": -5029.01953125}