{"epsilon": 0.04953625663766238, "q-value": -7784.1630859375}