{"epsilon": 0.04953625663766238, "q-value": -11587.4140625}