{"epsilon": 0.1118078824235774, "q-value": -9800.1728515625}