{"epsilon": 0.04953625663766238, "q-value": -9842.6044921875}