{"epsilon": 0.04953625663766238, "q-value": -4411.298828125}