{"epsilon": 0.09144844271229946, "q-value": -8075.49169921875}