{"epsilon": 0.45660974774391455, "q-value": -6246.93896484375}