{"epsilon": 0.13670000495659804, "q-value": -6730.24951171875}