{"epsilon": 0.04953625663766238, "q-value": -3474.03369140625}