{"epsilon": 0.04953625663766238, "q-value": -3532.488037109375}