{"epsilon": 0.04953625663766238, "q-value": -6405.07763671875}