{"epsilon": 0.22594815553398728, "q-value": -4895.4169921875}