{"epsilon": 0.123629034136362, "q-value": -6750.80517578125}