{"epsilon": 0.04953625663766238, "q-value": -7674.04150390625}