{"epsilon": 0.04953625663766238, "q-value": -7705.97509765625}