{"epsilon": 0.09144844271229946, "q-value": -7199.15185546875}