{"epsilon": 0.04953625663766238, "q-value": -2812.511962890625}