{"epsilon": 0.04953625663766238, "q-value": -9122.931640625}