{"epsilon": 0.04953625663766238, "q-value": -9960.9072265625}