{"epsilon": 0.04953625663766238, "q-value": -8102.12109375}