{"epsilon": 0.24983705645845267, "q-value": -5913.06591796875}