{"epsilon": 0.5582661385478638, "q-value": -7050.0400390625}