{"epsilon": 0.04953625663766238, "q-value": -8256.2275390625}