{"epsilon": 0.04953625663766238, "q-value": -6815.09375}