{"epsilon": 0.04953625663766238, "q-value": -9426.6513671875}