{"epsilon": 0.04953625663766238, "q-value": -8303.6845703125}