{"epsilon": 0.04953625663766238, "q-value": -8980.6025390625}