{"epsilon": 0.04953625663766238, "q-value": -8702.1552734375}