{"epsilon": 0.04953625663766238, "q-value": -7106.9873046875}