{"epsilon": 0.04953625663766238, "q-value": -9936.0859375}