{"epsilon": 0.04953625663766238, "q-value": -2594.842529296875}