{"epsilon": 0.04953625663766238, "q-value": -9036.447265625}