{"epsilon": 0.04953625663766238, "q-value": -7318.09814453125}