{"epsilon": 0.04953625663766238, "q-value": -4294.00634765625}