{"epsilon": 0.04953625663766238, "q-value": -7881.353515625}