{"epsilon": 0.04953625663766238, "q-value": -10465.7734375}