{"epsilon": 0.04953625663766238, "q-value": -7995.4951171875}