{"epsilon": 0.20434346174623952, "q-value": -5005.1767578125}