{"epsilon": 0.04953625663766238, "q-value": -5329.13916015625}