{"epsilon": 0.055326862671220584, "q-value": -7350.63232421875}