{"epsilon": 0.8345137614500874, "q-value": -5546.26611328125}