{"epsilon": 0.05003662286632564, "q-value": -8130.88671875}