{"epsilon": 0.04953625663766238, "q-value": -7515.48046875}