{"epsilon": 0.04953625663766238, "q-value": -6564.14111328125}