{"epsilon": 0.04953625663766238, "q-value": -10509.2744140625}