{"epsilon": 0.04953625663766238, "q-value": -9469.181640625}