{"epsilon": 0.06764444722006466, "q-value": -7391.42333984375}