{"epsilon": 0.04953625663766238, "q-value": -7375.3720703125}