{"epsilon": 0.04953625663766238, "q-value": -3917.408935546875}