{"epsilon": 0.18480456394854633, "q-value": -8165.4501953125}