{"epsilon": 0.04953625663766238, "q-value": -3442.06640625}