{"epsilon": 0.04953625663766238, "q-value": -3670.449951171875}