{"epsilon": 0.04953625663766238, "q-value": -3351.437255859375}