{"epsilon": 0.04953625663766238, "q-value": -6341.8701171875}