{"epsilon": 0.04953625663766238, "q-value": -7683.54541015625}