{"epsilon": 0.04953625663766238, "q-value": -8248.44921875}