{"epsilon": 0.04953625663766238, "q-value": -12877.5283203125}