{"epsilon": 0.04953625663766238, "q-value": -7665.1083984375}