{"epsilon": 0.04953625663766238, "q-value": -9172.658203125}