{"epsilon": 0.04953625663766238, "q-value": -7779.76806640625}