{"epsilon": 0.04953625663766238, "q-value": -8833.9130859375}