{"epsilon": 0.04953625663766238, "q-value": -8048.5244140625}