{"epsilon": 0.04953625663766238, "q-value": -7004.81884765625}