{"epsilon": 0.04953625663766238, "q-value": -9400.6328125}