{"epsilon": 0.04953625663766238, "q-value": -10236.0537109375}