{"epsilon": 0.04953625663766238, "q-value": -10307.1845703125}