{"epsilon": 0.04953625663766238, "q-value": -10245.263671875}