{"epsilon": 0.04953625663766238, "q-value": -7672.4267578125}