{"epsilon": 0.04953625663766238, "q-value": -7827.71923828125}