{"epsilon": 0.04953625663766238, "q-value": -11107.1044921875}