{"epsilon": 0.37346428045426927, "q-value": -6813.64501953125}