{"epsilon": 0.06117642553970562, "q-value": -7893.59765625}