{"epsilon": 0.30545902592830454, "q-value": -7418.5947265625}