{"epsilon": 0.04953625663766238, "q-value": -8872.8173828125}