{"epsilon": 0.04953625663766238, "q-value": -4857.6572265625}