{"epsilon": 0.04953625663766238, "q-value": -4701.400390625}