{"epsilon": 0.05003662286632564, "q-value": -6214.65771484375}