{"epsilon": 0.04953625663766238, "q-value": -9460.6787109375}