{"epsilon": 0.07479631572685264, "q-value": -7938.13427734375}