{"epsilon": 0.24983705645845267, "q-value": -6697.85791015625}