{"epsilon": 0.04953625663766238, "q-value": -8258.5126953125}