{"epsilon": 0.04953625663766238, "q-value": -6898.8525390625}