{"epsilon": 0.04953625663766238, "q-value": -8587.47265625}