{"epsilon": 0.04953625663766238, "q-value": -6757.4541015625}