{"epsilon": 0.04953625663766238, "q-value": -10012.2158203125}