{"epsilon": 0.04953625663766238, "q-value": -2971.775390625}