{"epsilon": 0.04953625663766238, "q-value": -7438.2763671875}