{"epsilon": 0.04953625663766238, "q-value": -7181.58056640625}