{"epsilon": 0.16713393501488363, "q-value": -7381.7490234375}