{"epsilon": 0.04953625663766238, "q-value": -10290.1318359375}