{"epsilon": 0.04953625663766238, "q-value": -4495.8203125}