{"epsilon": 0.92274469442792, "q-value": -5593.9736328125}