{"epsilon": 0.8345137614500874, "q-value": -5268.4189453125}