{"epsilon": 0.682554595010387, "q-value": -6437.642578125}