{"epsilon": 0.04953625663766238, "q-value": -7188.0498046875}