{"epsilon": 0.45660974774391455, "q-value": -7437.32421875}