{"epsilon": 0.07479631572685264, "q-value": -7247.5166015625}