{"epsilon": 0.04953625663766238, "q-value": -7028.52490234375}