{"epsilon": 0.04953625663766238, "q-value": -251.965087890625}