{"epsilon": 0.41294967113388825, "q-value": -6033.80615234375}