{"epsilon": 0.04953625663766238, "q-value": -8007.0732421875}