{"epsilon": 0.04953625663766238, "q-value": -9795.189453125}