{"epsilon": 0.617290140942288, "q-value": -6031.259765625}