{"epsilon": 0.04953625663766238, "q-value": -6254.29443359375}