{"epsilon": 0.04953625663766238, "q-value": -4330.92138671875}