{"epsilon": 0.04953625663766238, "q-value": -8934.6923828125}