{"epsilon": 0.04953625663766238, "q-value": -8033.82861328125}