{"epsilon": 0.04953625663766238, "q-value": -7417.45263671875}