{"epsilon": 0.04953625663766238, "q-value": -9612.8017578125}