{"epsilon": 0.337754400898902, "q-value": -5236.47216796875}