{"epsilon": 0.04953625663766238, "q-value": -7102.77392578125}