{"epsilon": 0.04953625663766238, "q-value": -10547.0927734375}