{"epsilon": 0.15115293495314713, "q-value": -7680.67041015625}