{"epsilon": 0.04953625663766238, "q-value": -6958.90185546875}