{"epsilon": 0.04953625663766238, "q-value": -11088.2578125}