{"epsilon": 0.04953625663766238, "q-value": -7095.57763671875}