{"epsilon": 0.04953625663766238, "q-value": -8712.4873046875}