{"epsilon": 0.04953625663766238, "q-value": -6778.08349609375}