{"epsilon": 0.04953625663766238, "q-value": -7394.9873046875}