{"epsilon": 0.04953625663766238, "q-value": -8030.0478515625}