{"epsilon": 0.04953625663766238, "q-value": -3556.339599609375}