{"epsilon": 0.04953625663766238, "q-value": -9534.181640625}