{"epsilon": 0.04953625663766238, "q-value": -8337.4912109375}