{"epsilon": 0.04953625663766238, "q-value": -8671.5107421875}