{"epsilon": 0.04953625663766238, "q-value": -3975.17578125}