{"epsilon": 0.04953625663766238, "q-value": -6830.5390625}