{"epsilon": 0.7547192872036325, "q-value": -6677.94384765625}