{"epsilon": 0.04953625663766238, "q-value": -8353.0322265625}