{"epsilon": 0.04953625663766238, "q-value": -8300.1044921875}