{"epsilon": 0.04953625663766238, "q-value": -3726.863037109375}