{"epsilon": 0.04953625663766238, "q-value": -10300.0498046875}