{"epsilon": 0.04953625663766238, "q-value": -3490.95361328125}