{"epsilon": 0.04953625663766238, "q-value": -7518.5888671875}