{"epsilon": 0.04953625663766238, "q-value": -9891.1767578125}