{"epsilon": 0.04953625663766238, "q-value": -8443.0947265625}