{"epsilon": 0.04953625663766238, "q-value": -9118.8193359375}