{"epsilon": 0.04953625663766238, "q-value": -7980.49267578125}