{"epsilon": 0.04953625663766238, "q-value": -6374.27490234375}