{"epsilon": 0.04953625663766238, "q-value": -6729.85693359375}