{"epsilon": 0.04953625663766238, "q-value": -3488.7451171875}