{"epsilon": 0.04953625663766238, "q-value": -8948.5888671875}