{"epsilon": 0.04953625663766238, "q-value": -8334.2490234375}