{"epsilon": 0.04953625663766238, "q-value": -9872.9130859375}