{"epsilon": 0.04953625663766238, "q-value": -9150.5244140625}