{"epsilon": 0.04953625663766238, "q-value": -5203.34375}