{"epsilon": 0.04953625663766238, "q-value": -7026.0068359375}