{"epsilon": 0.04953625663766238, "q-value": -5449.98681640625}