{"epsilon": 0.04953625663766238, "q-value": -9233.3876953125}