{"epsilon": 0.04953625663766238, "q-value": -9762.4404296875}