{"epsilon": 0.04953625663766238, "q-value": -1200.016845703125}