{"epsilon": 0.04953625663766238, "q-value": -6001.65185546875}