{"epsilon": 0.15115293495314713, "q-value": -6766.8359375}