{"epsilon": 0.5048858887870696, "q-value": -7185.8095703125}