{"epsilon": 0.04953625663766238, "q-value": -6226.291015625}