{"epsilon": 0.04953625663766238, "q-value": -7140.13427734375}