{"epsilon": 0.04953625663766238, "q-value": -2586.452392578125}