{"epsilon": 0.617290140942288, "q-value": -6546.11279296875}