{"epsilon": 0.04953625663766238, "q-value": -10474.9736328125}