{"epsilon": 0.04953625663766238, "q-value": -9180.453125}