{"epsilon": 0.04953625663766238, "q-value": -8982.0087890625}