{"epsilon": 0.04953625663766238, "q-value": -7839.10400390625}