{"epsilon": 0.055326862671220584, "q-value": -7317.208984375}