{"epsilon": 0.04953625663766238, "q-value": -9405.1337890625}