{"epsilon": 0.04953625663766238, "q-value": -8098.46630859375}