{"epsilon": 0.04953625663766238, "q-value": -7446.3857421875}