{"epsilon": 0.04953625663766238, "q-value": -10466.408203125}