{"epsilon": 0.04953625663766238, "q-value": -6479.62939453125}