{"epsilon": 0.04953625663766238, "q-value": -10682.6591796875}