{"epsilon": 0.04953625663766238, "q-value": -8640.7978515625}