{"epsilon": 0.04953625663766238, "q-value": -9942.6083984375}