{"epsilon": 0.04953625663766238, "q-value": -10452.6171875}