{"epsilon": 0.04953625663766238, "q-value": -9761.80078125}