{"epsilon": 0.04953625663766238, "q-value": -9990.1884765625}