{"epsilon": 0.04953625663766238, "q-value": -8180.51513671875}