{"epsilon": 0.04953625663766238, "q-value": -8284.56640625}