{"epsilon": 0.04953625663766238, "q-value": -9961.611328125}