{"epsilon": 0.16713393501488363, "q-value": -6719.998046875}