{"epsilon": 0.04953625663766238, "q-value": -5790.6630859375}