{"epsilon": 0.04953625663766238, "q-value": -7500.0146484375}