{"epsilon": 0.04953625663766238, "q-value": -8134.90478515625}