{"epsilon": 0.04953625663766238, "q-value": -10232.1982421875}