{"epsilon": 0.04953625663766238, "q-value": -10150.51953125}