{"epsilon": 0.04953625663766238, "q-value": -5219.71826171875}