{"epsilon": 0.37346428045426927, "q-value": -6780.37109375}