{"epsilon": 0.04953625663766238, "q-value": -6849.94287109375}