{"epsilon": 0.04953625663766238, "q-value": -7777.263671875}