{"epsilon": 0.04953625663766238, "q-value": -6000.677734375}