{"epsilon": 0.04953625663766238, "q-value": -10137.9189453125}