{"epsilon": 0.04953625663766238, "q-value": -7877.48095703125}