{"epsilon": 0.04953625663766238, "q-value": -10123.9091796875}