{"epsilon": 0.04953625663766238, "q-value": -7166.90673828125}