{"epsilon": 0.04953625663766238, "q-value": -8024.14501953125}