{"epsilon": 0.04953625663766238, "q-value": -3271.0830078125}