{"epsilon": 0.04953625663766238, "q-value": -11355.8056640625}