{"epsilon": 0.2762516676992082, "q-value": -8158.671875}