{"epsilon": 0.04953625663766238, "q-value": -6882.85498046875}