{"epsilon": 0.04953625663766238, "q-value": -7528.76318359375}