{"epsilon": 0.13670000495659804, "q-value": -7432.79931640625}