{"epsilon": 0.30545902592830454, "q-value": -5124.3876953125}