{"epsilon": 0.04953625663766238, "q-value": -9249.1865234375}