{"epsilon": 0.04953625663766238, "q-value": -9081.79296875}