{"epsilon": 0.04953625663766238, "q-value": -2715.0595703125}