{"epsilon": 0.04953625663766238, "q-value": -2546.837890625}