{"epsilon": 0.04953625663766238, "q-value": -9910.1630859375}