{"epsilon": 0.04953625663766238, "q-value": -8486.666015625}