{"epsilon": 0.04953625663766238, "q-value": -9803.6708984375}