{"epsilon": 0.04953625663766238, "q-value": -3869.149658203125}