{"epsilon": 0.04953625663766238, "q-value": -10205.9541015625}