{"epsilon": 0.04953625663766238, "q-value": -6823.22998046875}