{"epsilon": 0.04953625663766238, "q-value": -7656.55322265625}