{"epsilon": 0.7547192872036325, "q-value": -5144.95947265625}