{"epsilon": 0.682554595010387, "q-value": -6554.93310546875}