{"epsilon": 0.04953625663766238, "q-value": -9086.5869140625}