{"epsilon": 0.04953625663766238, "q-value": -5008.240234375}