{"epsilon": 0.04953625663766238, "q-value": -9904.1923828125}