{"epsilon": 0.04953625663766238, "q-value": -8240.2373046875}