{"epsilon": 0.04953625663766238, "q-value": -7440.59228515625}