{"epsilon": 0.04953625663766238, "q-value": -10275.9970703125}