{"epsilon": 0.04953625663766238, "q-value": -8412.205078125}