{"epsilon": 0.04953625663766238, "q-value": -8686.2763671875}