{"epsilon": 0.10111704470857538, "q-value": -5614.93115234375}