{"epsilon": 0.04953625663766238, "q-value": -6384.70703125}