{"epsilon": 0.04953625663766238, "q-value": -9290.5908203125}