{"epsilon": 0.8345137614500874, "q-value": -5929.62255859375}