{"epsilon": 0.8345137614500874, "q-value": -4004.242919921875}