{"epsilon": 0.337754400898902, "q-value": -6232.767578125}