{"epsilon": 0.617290140942288, "q-value": -6330.1484375}