{"epsilon": 0.682554595010387, "q-value": -5578.3994140625}