{"epsilon": 0.45660974774391455, "q-value": -6229.71533203125}