{"epsilon": 0.41294967113388825, "q-value": -6261.4326171875}