{"epsilon": 0.37346428045426927, "q-value": -6242.0302734375}