{"epsilon": 0.22594815553398728, "q-value": -5216.14501953125}