{"epsilon": 0.24983705645845267, "q-value": -6638.1640625}