{"epsilon": 0.5048858887870696, "q-value": -6593.88037109375}