{"epsilon": 0.92274469442792, "q-value": -3220.363037109375}