{"epsilon": 0.92274469442792, "q-value": -3326.30224609375}