{"epsilon": 0.2762516676992082, "q-value": -6634.58984375}