{"epsilon": 0.5582661385478638, "q-value": -5570.0986328125}