{"epsilon": 0.7547192872036325, "q-value": -5609.705078125}