{"epsilon": 0.92274469442792, "q-value": -5913.19677734375}