{"epsilon": 0.30545902592830454, "q-value": -6826.001953125}