{"epsilon": 0.6993967645005387, "q-value": -496.3412911428168}