{"epsilon": 0.15188884956317353, "q-value": -496.4263515793952}