{"epsilon": 0.7714615731607588, "q-value": -497.0003060912152}