{"epsilon": 0.19821164509751082, "q-value": -496.46496734622303}