{"epsilon": 0.0843299445383926, "q-value": -496.33079147085084}