{"epsilon": 0.09433152971497152, "q-value": -496.3373494709369}