{"epsilon": 0.4724554903292948, "q-value": -496.2304167898315}