{"epsilon": 0.3520374457294916, "q-value": -496.3774447548895}