{"epsilon": 0.7823456665858615, "q-value": -497.31947483588624}