{"epsilon": 0.06645800605243694, "q-value": -496.2887143814845}