{"epsilon": 0.11969923778346021, "q-value": -496.32036643994047}