{"epsilon": 0.21559340066020466, "q-value": -496.4757553559838}