{"epsilon": 0.827439430156398, "q-value": -496.3746223564955}