{"epsilon": 0.1874095141678006, "q-value": -496.44641746992767}