{"epsilon": 0.057770147827845585, "q-value": -496.26629035767957}