{"epsilon": 0.05386188704661499, "q-value": -496.26383223239026}