{"epsilon": 0.056173917647900994, "q-value": -496.2426009392916}