{"epsilon": 0.06553343373406856, "q-value": -496.2897357179806}