{"epsilon": 0.8391132819394981, "q-value": -498.1542518127884}