{"epsilon": 0.750145542441634, "q-value": -496.87991609858415}