{"epsilon": 0.14361121663733156, "q-value": -496.29068670370555}