{"epsilon": 0.06109997184150986, "q-value": -496.2576820495227}