{"epsilon": 0.7397094212805245, "q-value": -496.5677862221133}