{"epsilon": 0.750145542441634, "q-value": -497.41961908662705}