{"epsilon": 0.07330574074781945, "q-value": -496.28548586019156}