{"epsilon": 0.850951833168246, "q-value": -496.3302752293578}