{"epsilon": 0.08315673551571713, "q-value": -496.3240574687759}