{"epsilon": 0.23780782594151004, "q-value": -496.3667222892233}