{"epsilon": 0.12138800328037404, "q-value": -496.3144577653144}