{"epsilon": 0.3328521219859752, "q-value": -496.3363371954418}