{"epsilon": 0.5284890126390307, "q-value": -496.35110790848495}