{"epsilon": 0.1163918629012684, "q-value": -496.3313306613001}