{"epsilon": 0.5748337510157389, "q-value": -496.3734484619536}