{"epsilon": 0.5829437392090896, "q-value": -496.08839217678434}