{"epsilon": 0.7607289006417159, "q-value": -497.6372637263726}