{"epsilon": 0.05858519255335808, "q-value": -496.25757927612636}