{"epsilon": 0.05164501600914626, "q-value": -496.24649853282904}