{"epsilon": 0.2813446987051703, "q-value": -496.18678201451195}