{"epsilon": 0.3282214405018573, "q-value": -496.34135019106475}