{"epsilon": 0.8874790843728444, "q-value": -493.51851851851853}