{"epsilon": 0.20671991345060575, "q-value": -496.5075354153513}