{"epsilon": 0.850951833168246, "q-value": -498.20205479452056}