{"epsilon": 0.8629574074893607, "q-value": -498.3529411764706}