{"epsilon": 0.37758155898119466, "q-value": -496.4266476117188}