{"epsilon": 0.827439430156398, "q-value": -497.58342922899885}