{"epsilon": 0.30175929077107655, "q-value": -496.267969801877}