{"epsilon": 0.09044899147481933, "q-value": -496.3417510378919}