{"epsilon": 0.8159279864990979, "q-value": -497.29206963249516}