{"epsilon": 0.1497757523741888, "q-value": -496.4595740108378}