{"epsilon": 0.1562049018490311, "q-value": -496.4321911821222}