{"epsilon": 0.1771960773714003, "q-value": -496.48080719474723}