{"epsilon": 0.2411629154039227, "q-value": -496.34219315987565}