{"epsilon": 0.14769205286477663, "q-value": -496.48183900460526}