{"epsilon": 0.25506334836300554, "q-value": -496.2243376253442}