{"epsilon": 0.45940120986265154, "q-value": -496.3569490072847}