{"epsilon": 0.10851773118903935, "q-value": -496.3823954971246}