{"epsilon": 0.12483734778815533, "q-value": -496.3053584535212}