{"epsilon": 0.23123702695505002, "q-value": -496.39270172654807}