{"epsilon": 0.3671487125631385, "q-value": -496.39058923723854}