{"epsilon": 0.7607289006417159, "q-value": -496.83972911963883}