{"epsilon": 0.4530099612096477, "q-value": -496.3818919675343}