{"epsilon": 0.09976872184102659, "q-value": -496.3291406366298}