{"epsilon": 0.5067372313706553, "q-value": -496.354675722687}