{"epsilon": 0.34713985555662674, "q-value": -496.33950586473674}