{"epsilon": 0.07973413432880187, "q-value": -496.3181738401386}