{"epsilon": 0.07433996793249525, "q-value": -496.2916781961235}