{"epsilon": 0.4658826288492954, "q-value": -496.3060322977768}