{"epsilon": 0.052373644885477, "q-value": -496.23273055609053}