{"epsilon": 0.293421467429463, "q-value": -496.27179780456606}