{"epsilon": 0.4049791731309731, "q-value": -496.46665864227253}