{"epsilon": 0.5435064824375799, "q-value": -496.39342723004694}