{"epsilon": 0.521136605597773, "q-value": -496.34643884578503}