{"epsilon": 0.049937396626556566, "q-value": -496.14738744437216}