{"epsilon": 0.15403175918614243, "q-value": -496.4165569302308}