{"epsilon": 0.1283847083865867, "q-value": -496.2780774669511}