{"epsilon": 0.19273491668642978, "q-value": -496.4428851524266}