{"epsilon": 0.17473090277781117, "q-value": -496.45012649840015}