{"epsilon": 0.5668365900200618, "q-value": -496.15200764818354}