{"epsilon": 0.2623111927630829, "q-value": -496.2502519171201}