{"epsilon": 0.5589506865555885, "q-value": -496.1081081081081}