{"epsilon": 0.19005356376394347, "q-value": -496.4498036096687}