{"epsilon": 0.13389564368430615, "q-value": -496.30840456649923}