{"epsilon": 0.28531402406355244, "q-value": -496.23148207058046}