{"epsilon": 0.47912108441051177, "q-value": -496.31646332278956}