{"epsilon": 0.4996874379049548, "q-value": -496.3308015513898}