{"epsilon": 0.7092641383152188, "q-value": -496.59090909090907}