{"epsilon": 0.8159279864990979, "q-value": -496.514745308311}