{"epsilon": 0.11004874344633497, "q-value": -496.3792039875434}