{"epsilon": 0.09301917735436965, "q-value": -496.3290324544306}