{"epsilon": 0.07128025111096478, "q-value": -496.2884211455021}