{"epsilon": 0.21863507998197204, "q-value": -496.4649692176275}