{"epsilon": 0.16990296393967533, "q-value": -496.45357359993613}