{"epsilon": 0.6612810654040817, "q-value": -496.36191826128044}