{"epsilon": 0.7714615731607588, "q-value": -497.5450901803607}