{"epsilon": 0.1606435984724279, "q-value": -496.43286832063023}