{"epsilon": 0.049937396626556566, "q-value": -496.2206575300358}