{"epsilon": 0.7192707250501474, "q-value": -496.58647594278284}