{"epsilon": 0.0879498216550034, "q-value": -496.333328974508}