{"epsilon": 0.0594117362611229, "q-value": -496.24064193968263}