{"epsilon": 0.1377004035508273, "q-value": -496.3321054533343}