{"epsilon": 0.39378931119177485, "q-value": -496.4217568353694}