{"epsilon": 0.22484778380742557, "q-value": -496.41811140968525}