{"epsilon": 0.16291002365126725, "q-value": -496.4829283218305}