{"epsilon": 0.27357094502915574, "q-value": -496.19346279745287}