{"epsilon": 0.0808590559028587, "q-value": -496.31033287913425}