{"epsilon": 0.061961995077572656, "q-value": -496.2530974057168}