{"epsilon": 0.8751323613325138, "q-value": -498.8429752066116}