{"epsilon": 0.32365518165347157, "q-value": -496.3147468147664}