{"epsilon": 0.10700801857096344, "q-value": -496.3737002092622}