{"epsilon": 0.8045766915248868, "q-value": -496.7003367003367}