{"epsilon": 0.07645240205421253, "q-value": -496.31207055109553}