{"epsilon": 0.20384399945641915, "q-value": -496.47225327513706}