{"epsilon": 0.5511744927932517, "q-value": -495.9308391712625}