{"epsilon": 0.07028859109980606, "q-value": -496.3089398738864}