{"epsilon": 0.7933833172247098, "q-value": -497.0919881305638}