{"epsilon": 0.4283218410386952, "q-value": -496.49024531581995}