{"epsilon": 0.09701204125762701, "q-value": -496.3224539448539}