{"epsilon": 0.1416132789410769, "q-value": -496.3160049391423}