{"epsilon": 0.372328595823002, "q-value": -496.40210206956334}