{"epsilon": 0.2445653398321054, "q-value": -496.33177010103384}