{"epsilon": 0.6896666668580755, "q-value": -496.42088266953715}