{"epsilon": 0.06024994118345527, "q-value": -496.2395252952043}