{"epsilon": 0.13019601203287082, "q-value": -496.2865616413579}