{"epsilon": 0.08199984832769269, "q-value": -496.30250928302837}