{"epsilon": 0.050218027567932935, "q-value": -496.2766147438277}