{"epsilon": 0.5511744927932517, "q-value": -496.28144732885636}