{"epsilon": 0.680071935584085, "q-value": -496.272346899962}