{"epsilon": 0.3191524491848329, "q-value": -496.32444772538526}