{"epsilon": 0.6520812382643483, "q-value": -496.52199327780215}