{"epsilon": 0.23449941291474227, "q-value": -496.41974316108474}