{"epsilon": 0.6340637709143425, "q-value": -496.4072483502671}