{"epsilon": 0.24801576704699393, "q-value": -496.2943558431073}