{"epsilon": 0.12310059456729604, "q-value": -496.3091425133715}