{"epsilon": 0.05092652391135335, "q-value": -496.25955555781684}