{"epsilon": 0.06834646744878756, "q-value": -496.31428387115415}