{"epsilon": 0.1675392520771283, "q-value": -496.46144288943833}