{"epsilon": 0.22802002772796282, "q-value": -496.4391513583012}