{"epsilon": 0.3620408925046697, "q-value": -496.2982961992136}