{"epsilon": 0.4223629725576803, "q-value": -496.36219372857687}