{"epsilon": 0.1116013558468174, "q-value": -496.3595637465893}