{"epsilon": 0.27743059511113133, "q-value": -496.2122906300891}