{"epsilon": 0.3423104012874629, "q-value": -496.3556802520181}