{"epsilon": 0.6340637709143425, "q-value": -496.2937822427369}