{"epsilon": 0.4404929745117217, "q-value": -496.39970560685134}