{"epsilon": 0.07538878641464122, "q-value": -496.315637895286}