{"epsilon": 0.43436477965814824, "q-value": -496.47147540983605}