{"epsilon": 0.13578469784562153, "q-value": -496.3226607676528}