{"epsilon": 0.35700413309507967, "q-value": -496.35955867189114}