{"epsilon": 0.643009400301727, "q-value": -496.3137685134394}