{"epsilon": 0.6079666977012986, "q-value": -496.26124437781107}