{"epsilon": 0.0867262524368193, "q-value": -496.32456878212184}