{"epsilon": 0.12659860382933624, "q-value": -496.27873089424696}