{"epsilon": 0.535945150427121, "q-value": -496.40896152786706}