{"epsilon": 0.8751323613325138, "q-value": -497.6588628762542}