{"epsilon": 0.16520842447769, "q-value": -496.4909632779484}