{"epsilon": 0.056966442109266956, "q-value": -496.2716059683617}