{"epsilon": 0.7823456665858615, "q-value": -496.7420212765957}