{"epsilon": 0.07753102361552024, "q-value": -496.30750951477944}