{"epsilon": 0.8391132819394981, "q-value": -496.97624190064795}