{"epsilon": 0.055392418888660824, "q-value": -496.2584158200533}