{"epsilon": 0.10405131108168972, "q-value": -496.3627784315783}