{"epsilon": 0.06931072719012572, "q-value": -496.30077415012795}