{"epsilon": 0.049937396626556566, "q-value": -496.22511333218296}