{"epsilon": 0.049937396626556566, "q-value": -496.09489164574364}