{"epsilon": 0.4467076284290178, "q-value": -496.424234154329}