{"epsilon": 0.4927357220716687, "q-value": -496.311268715524}