{"epsilon": 0.13203287028717853, "q-value": -496.2785281375655}