{"epsilon": 0.08551970567079617, "q-value": -496.3483543385498}