{"epsilon": 0.31471235930878466, "q-value": -496.27813640376826}