{"epsilon": 0.39934505084483074, "q-value": -496.43560246679317}