{"epsilon": 0.11477260435118591, "q-value": -496.3565316731738}