{"epsilon": 0.6165441389729629, "q-value": -496.27092846270926}