{"epsilon": 0.05462179244056196, "q-value": -496.2609628098829}