{"epsilon": 0.28933935027737356, "q-value": -496.23628170903623}