{"epsilon": 0.8045766915248868, "q-value": -497.129971299713}