{"epsilon": 0.09838072656502585, "q-value": -496.31611526639585}