{"epsilon": 0.15840870409185465, "q-value": -496.4204658977636}