{"epsilon": 0.2096364020083018, "q-value": -496.483233858508}