{"epsilon": 0.41069278390424724, "q-value": -496.42796300803116}