{"epsilon": 0.07228590186460879, "q-value": -496.29402990547385}