{"epsilon": 0.29756117674945987, "q-value": -496.28576404048727}