{"epsilon": 0.049937396626556566, "q-value": -496.1645839941097}