{"epsilon": 0.1396431368107368, "q-value": -496.3213985622645}