{"epsilon": 0.06739562261285378, "q-value": -496.3121728408287}