{"epsilon": 0.049937396626556566, "q-value": -496.17387689124865}