{"epsilon": 0.6706106874442577, "q-value": -496.2148211871697}