{"epsilon": 0.17969603165009534, "q-value": -496.47453655850705}