{"epsilon": 0.10260373587396886, "q-value": -496.33704680279055}