{"epsilon": 0.11803396660910294, "q-value": -496.32542881046567}