{"epsilon": 0.10117629951851452, "q-value": -496.32003938901977}