{"epsilon": 0.049937396626556566, "q-value": -496.210061063045}