{"epsilon": 0.049937396626556566, "q-value": -496.2207704637729}