{"epsilon": 0.7397094212805245, "q-value": -497.35099337748346}