{"epsilon": 0.3375481350065538, "q-value": -496.29552863328956}