{"epsilon": 0.5911681464120757, "q-value": -496.06231068801384}