{"epsilon": 0.2125940375719403, "q-value": -496.48425672172687}