{"epsilon": 0.8874790843728444, "q-value": -497.14285714285717}