{"epsilon": 0.25151487429141334, "q-value": -496.26079424557855}