{"epsilon": 0.08919065348502209, "q-value": -496.33110758267566}