{"epsilon": 0.18223125629982947, "q-value": -496.46901296265924}