{"epsilon": 0.4858807194021743, "q-value": -496.2757821552723}