{"epsilon": 0.6706106874442577, "q-value": -496.6587112171838}