{"epsilon": 0.20100809554720164, "q-value": -496.4692653359286}