{"epsilon": 0.18480224892933256, "q-value": -496.43476059578484}