{"epsilon": 0.1723000240098804, "q-value": -496.46211228518195}