{"epsilon": 0.7933833172247098, "q-value": -496.607009694258}