{"epsilon": 0.09566239727606601, "q-value": -496.3482013340552}