{"epsilon": 0.049937396626556566, "q-value": -496.2301727770339}