{"epsilon": 0.19545409922574902, "q-value": -496.4685889998191}