{"epsilon": 0.6520812382643483, "q-value": -496.2592382035247}