{"epsilon": 0.3103340405335309, "q-value": -496.2762776971976}