{"epsilon": 0.680071935584085, "q-value": -496.70754241558876}