{"epsilon": 0.2660119856837026, "q-value": -496.21372175498465}