{"epsilon": 0.22171967255186364, "q-value": -496.4325881683788}