{"epsilon": 0.10551930926879, "q-value": -496.34538517968133}