{"epsilon": 0.8629574074893607, "q-value": -496.26998223801064}