{"epsilon": 0.06462172418457737, "q-value": -496.28254510244506}