{"epsilon": 0.6252425942722819, "q-value": -496.24394712733937}