{"epsilon": 0.5995085868945895, "q-value": -496.09712230215825}