{"epsilon": 0.5138864861878708, "q-value": -496.37485111451423}