{"epsilon": 0.06372269845547025, "q-value": -496.2869479324259}