{"epsilon": 0.06283618008780845, "q-value": -496.26465422871723}