{"epsilon": 0.2586618857490328, "q-value": -496.2683823282671}