{"epsilon": 0.4164870046205366, "q-value": -496.3825143427289}