{"epsilon": 0.07862486280820719, "q-value": -496.3166432485216}