{"epsilon": 0.05311255355413715, "q-value": -496.2616147458444}