{"epsilon": 0.5435064824375799, "q-value": -495.77608142493636}