{"epsilon": 0.7192707250501474, "q-value": -496.4939024390244}