{"epsilon": 0.38831086370254386, "q-value": -496.44493971084063}