{"epsilon": 0.14563734205064188, "q-value": -496.5060862275644}