{"epsilon": 0.5829437392090896, "q-value": -496.2679106964345}