{"epsilon": 0.6079666977012986, "q-value": -496.30629525095105}