{"epsilon": 0.049937396626556566, "q-value": -496.27752588819095}