{"epsilon": 0.09172508260841246, "q-value": -496.3504390901538}