{"epsilon": 0.38290863307862455, "q-value": -496.47780079502826}