{"epsilon": 0.7294184887777851, "q-value": -496.44506001846725}