{"epsilon": 0.30601663349158126, "q-value": -496.28988236947265}