{"epsilon": 0.2697649908949876, "q-value": -496.17556985264963}