{"epsilon": 0.11317587313408578, "q-value": -496.37088833877453}