{"epsilon": 0.8751323613325138, "q-value": -492.7234927234927}