{"epsilon": 0.850951833168246, "q-value": -489.98270945440316}