{"epsilon": 0.8391132819394981, "q-value": -490.54691109394145}