{"epsilon": 0.850951833168246, "q-value": -493.2004795204795}