{"epsilon": 0.8874790843728444, "q-value": -495.2054794520548}