{"epsilon": 0.8045766915248868, "q-value": -490.74555166909204}