{"epsilon": 0.8629574074893607, "q-value": -488.1100799999999}