{"epsilon": 0.8874790843728444, "q-value": -491.56626506024094}