{"epsilon": 0.7933833172247098, "q-value": -491.10166643046006}