{"epsilon": 0.8629574074893607, "q-value": -492.49602194787377}