{"epsilon": 0.8391132819394981, "q-value": -493.89134382022473}