{"epsilon": 0.827439430156398, "q-value": -490.61791790694934}