{"epsilon": 0.7823456665858615, "q-value": -490.9571196841536}