{"epsilon": 0.8159279864990979, "q-value": -491.0695374800304}