{"epsilon": 0.8751323613325138, "q-value": -488.85294845360824}