{"epsilon": 0.04953625663766238, "q-value": -9322.0947265625}