{"epsilon": 0.06764444722006466, "q-value": -3505.19384765625}