{"epsilon": 0.04953625663766238, "q-value": -7492.2734375}