{"epsilon": 0.2762516676992082, "q-value": -6623.765625}