{"epsilon": 0.04953625663766238, "q-value": -5735.01220703125}