{"epsilon": 0.04953625663766238, "q-value": -7211.09375}