{"epsilon": 0.04953625663766238, "q-value": -8619.4150390625}