{"epsilon": 0.04953625663766238, "q-value": -7231.16943359375}