{"epsilon": 0.04953625663766238, "q-value": -3874.9912109375}