{"epsilon": 0.04953625663766238, "q-value": -4885.55615234375}