{"epsilon": 0.04953625663766238, "q-value": -3876.8955078125}