{"epsilon": 0.04953625663766238, "q-value": -7445.2060546875}