{"epsilon": 0.04953625663766238, "q-value": -8845.0234375}