{"epsilon": 0.04953625663766238, "q-value": -8992.4453125}