{"epsilon": 0.04953625663766238, "q-value": -6015.5166015625}