{"epsilon": 0.5048858887870696, "q-value": -6868.28125}