{"epsilon": 0.04953625663766238, "q-value": -8588.05859375}