{"epsilon": 0.04953625663766238, "q-value": -5784.548828125}