{"epsilon": 0.04953625663766238, "q-value": -7293.5595703125}