{"epsilon": 0.06117642553970562, "q-value": -2363.085693359375}