{"epsilon": 0.04953625663766238, "q-value": -9128.4736328125}