{"epsilon": 0.04953625663766238, "q-value": -7542.9853515625}