{"epsilon": 0.04953625663766238, "q-value": -9018.6298828125}