{"epsilon": 0.04953625663766238, "q-value": -8089.498046875}