{"epsilon": 0.04953625663766238, "q-value": -9117.1220703125}