{"epsilon": 0.04953625663766238, "q-value": -6227.02392578125}