{"epsilon": 0.04953625663766238, "q-value": -8384.3291015625}