{"epsilon": 0.04953625663766238, "q-value": -9017.357421875}