{"epsilon": 0.04953625663766238, "q-value": -8958.9482421875}