{"epsilon": 0.04953625663766238, "q-value": -7874.71337890625}