{"epsilon": 0.04953625663766238, "q-value": -10049.158203125}