{"epsilon": 0.04953625663766238, "q-value": -5733.9384765625}