{"epsilon": 0.04953625663766238, "q-value": -6168.37353515625}