{"epsilon": 0.04953625663766238, "q-value": -7504.87060546875}