{"epsilon": 0.04953625663766238, "q-value": -7041.76220703125}