{"epsilon": 0.04953625663766238, "q-value": -4487.455078125}