{"epsilon": 0.04953625663766238, "q-value": -8437.1103515625}