{"epsilon": 0.04953625663766238, "q-value": -8669.1494140625}