{"epsilon": 0.04953625663766238, "q-value": -9806.580078125}