{"epsilon": 0.04953625663766238, "q-value": -5322.93017578125}