{"epsilon": 0.04953625663766238, "q-value": -8427.1318359375}