{"epsilon": 0.04953625663766238, "q-value": -7900.65234375}