{"epsilon": 0.04953625663766238, "q-value": -6439.87841796875}