{"epsilon": 0.04953625663766238, "q-value": -5514.1708984375}