{"epsilon": 0.04953625663766238, "q-value": -8445.408203125}