{"epsilon": 0.04953625663766238, "q-value": -9063.0732421875}