{"epsilon": 0.20434346174623952, "q-value": -6068.5810546875}