{"epsilon": 0.04953625663766238, "q-value": -427.00537109375}