{"epsilon": 0.04953625663766238, "q-value": -7779.8134765625}