{"epsilon": 0.04953625663766238, "q-value": -2792.149169921875}