{"epsilon": 0.04953625663766238, "q-value": -7901.47216796875}