{"epsilon": 0.04953625663766238, "q-value": -7611.0400390625}