{"epsilon": 0.04953625663766238, "q-value": -8315.8935546875}