{"epsilon": 0.04953625663766238, "q-value": -7021.25537109375}