{"epsilon": 0.04953625663766238, "q-value": -8646.2724609375}