{"epsilon": 0.04953625663766238, "q-value": -7559.20068359375}