{"epsilon": 0.04953625663766238, "q-value": -4427.99365234375}