{"epsilon": 0.04953625663766238, "q-value": -8743.3017578125}