{"epsilon": 0.04953625663766238, "q-value": -3255.559326171875}