{"epsilon": 0.04953625663766238, "q-value": -9808.3583984375}