{"epsilon": 0.04953625663766238, "q-value": -7543.83837890625}