{"epsilon": 0.04953625663766238, "q-value": -4022.6455078125}