{"epsilon": 0.04953625663766238, "q-value": -7270.56689453125}