{"epsilon": 0.04953625663766238, "q-value": -10030.4462890625}