{"epsilon": 0.04953625663766238, "q-value": -4470.15478515625}