{"epsilon": 0.04953625663766238, "q-value": -7734.986328125}