{"epsilon": 0.04953625663766238, "q-value": -5908.58544921875}