{"epsilon": 0.04953625663766238, "q-value": -7237.95166015625}