{"epsilon": 0.04953625663766238, "q-value": -7880.265625}