{"epsilon": 0.04953625663766238, "q-value": -5851.91943359375}