{"epsilon": 0.04953625663766238, "q-value": -8354.3369140625}