{"epsilon": 0.04953625663766238, "q-value": -8770.1435546875}