{"epsilon": 0.04953625663766238, "q-value": -7038.35888671875}