{"epsilon": 0.1118078824235774, "q-value": -6039.0009765625}