{"epsilon": 0.04953625663766238, "q-value": -8377.4677734375}