{"epsilon": 0.04953625663766238, "q-value": -9186.7646484375}