{"epsilon": 0.04953625663766238, "q-value": -3047.883544921875}