{"epsilon": 0.04953625663766238, "q-value": -7252.44580078125}