{"epsilon": 0.04953625663766238, "q-value": -9399.0263671875}