{"epsilon": 0.04953625663766238, "q-value": -4272.30712890625}