{"epsilon": 0.04953625663766238, "q-value": -8849.990234375}