{"epsilon": 0.04953625663766238, "q-value": -7310.24072265625}