{"epsilon": 0.18480456394854633, "q-value": -5573.09912109375}