{"epsilon": 0.22594815553398728, "q-value": -5148.93505859375}