{"epsilon": 0.04953625663766238, "q-value": -3910.485595703125}