{"epsilon": 0.04953625663766238, "q-value": -2754.774658203125}