{"epsilon": 0.04953625663766238, "q-value": -7407.51904296875}