{"epsilon": 0.04953625663766238, "q-value": -8366.7412109375}