{"epsilon": 0.04953625663766238, "q-value": -9281.3037109375}