{"epsilon": 0.04953625663766238, "q-value": -8604.58984375}