{"epsilon": 0.04953625663766238, "q-value": -9411.01171875}