{"epsilon": 0.04953625663766238, "q-value": -7543.8369140625}