{"epsilon": 0.04953625663766238, "q-value": -8900.7919921875}