{"epsilon": 0.5582661385478638, "q-value": -6453.39794921875}