{"epsilon": 0.04953625663766238, "q-value": -7072.78076171875}