{"epsilon": 0.04953625663766238, "q-value": -7827.86572265625}