{"epsilon": 0.04953625663766238, "q-value": -8553.7392578125}