{"epsilon": 0.04953625663766238, "q-value": -9129.1484375}