{"epsilon": 0.04953625663766238, "q-value": -7567.92578125}