{"epsilon": 0.04953625663766238, "q-value": -7819.935546875}