{"epsilon": 0.04953625663766238, "q-value": -8538.794921875}