{"epsilon": 0.04953625663766238, "q-value": -9386.353515625}