{"epsilon": 0.04953625663766238, "q-value": -5121.33203125}