{"epsilon": 0.04953625663766238, "q-value": -6113.31494140625}