{"epsilon": 0.92274469442792, "q-value": -6071.42578125}