{"epsilon": 0.04953625663766238, "q-value": -6285.9501953125}