{"epsilon": 0.04953625663766238, "q-value": -6617.3857421875}