{"epsilon": 0.04953625663766238, "q-value": -8791.6240234375}